id,language,value,Chai,description,latitude,longitude,genus,family,Form,In Script,Script_Form
xoo,!Xóõ,2,2,Words derived from Min Nan Chinese te,-24,21.5,Tu,Tu,Variation of te,Variation of te,Variation of te
abz,Abaza,1,0,Words derived from Sinitic cha,44,42,Northwest Caucasian,Northwest Caucasian,ʈ͡ʂaj,чай,чай (ʈ͡ʂaj)
abk,Abkhaz,1,0,Words derived from Sinitic cha,43.06,41.16,,Abkhaz-Adyge,ɑt͡ʃʰɑi,ача́и,ача́и (ɑt͡ʃʰɑi)
ace,Acehnese,2,2,Words derived from Min Nan Chinese te,5.5,95.5,Malayo-Sumbawan,Austronesian,te,teh,teh
ady,Adyghe,1,0,Words derived from Sinitic cha,44.65,40,,Abkhaz-Adyge,ɕaːj,щӀай,щӀай (ɕaːj)
afr,Afrikaans,2,2,Words derived from Min Nan Chinese te,-31,22,Germanic,Indo-European,tee,tee,tee
aht,Ahtna,1,1,Words derived from Sinitic cha,62,-145,Athapaskan,Na-Dene,chie,tsaey,tsaey
abm,Alabama,3,3,Others,32.33333333,-87.41666667,Muskogean,Muskogean,,tìika,tìika
alb,Albanian,1,0,Words derived from Sinitic cha,41,20,Albanian,Indo-European,t͡ʃaj,çaj,çaj
ale,Aleut,1,1,,52.12,-174.29,,Eskimo-Aleut,t͡ʃɛːjoχ,chaayuq,chaayuq
yna,Aluo,3,3,Others,25.937203,102.1064952,,Sino-Tibetan,lu̱⁵⁵,,lu
alt,Alsatian,2,2,Words derived from Min Nan Chinese te,48.5,7.5,Germanic,Indo-European,,,tee
amh,Amharic,1,1,Words derived from Sinitic cha,10,38,Semitic,Afro-Asiatic,(šay),ሻይ,ሻይ (šay)
njm,Angami Kohima,1,1,,25.55,94.1333,,Sino-Tibetan,cha,,cha
njo,Ao Chungli,3,3,,26.3167,94.5167,,Sino-Tibetan,külüp◦tzü,,külüp◦tzü
njo,Ao Mongsen,3,3,,26.4167,94.4,,Sino-Tibetan,sunga,,sunga
arb,Arabic (Egyptian),1,0,Words derived from Sinitic cha,30,31,Semitic,Afro-Asiatic,ʃaːj,شاي,شاي (ʃaːj)
aqc,Archi,1,0,,42,46.8333,,Nakh-Daghestanian,čij,чай,чай (čij)
arm,Armenian,2,2,Words derived from Min Nan Chinese te,40,45,Armenian,Indo-European,tʰɛj,թեյ,թեյ (tʰɛj)
ass,Assamese,1,1,Words derived from Sinitic cha,26,93,Indic,Indo-European,sah,চাহ,চাহ (sah)
ast,Asturian,2,2,Words derived from Min Nan Chinese te,43.25,-6,Romance,Indo-European,,té,té
ata,Atayal,3,3,Others,24.5,121.3333333,Atayalic,Austronesian,,,Other Variant
ava,Avar,1,0,,41.7,46.56,,Nakh-Daghestanian,t͡ʃaj,чай,чай (t͡ʃaj)
aze,Azerbaijani,1,0,Words derived from Sinitic cha,40.5,48.5,Turkic,Altaic,t͡ʃɑj,çay,çay (t͡ʃɑj)
bdg,Badaga,2,2,Words derived from Min Nan Chinese te,11.66666667,76.75,Southern Dravidian,Dravidian,,,Variation of te
pha,"Baheng, West",,,,25.74971,109.286281,,Hmong-Mien,tɕi¹¹,,
bal,Balinese,2,2,Words derived from Min Nan Chinese te,-8.333333333,115.25,Malayo-Sumbawan,Austronesian,,téh,téh
blc,Baluchi,1,1,Words derived from Sinitic cha,28,62,Iranian,Indo-European,chah,چاہ,چاہ (chah)
bam,Bambara,3,3,Others,12.5,-7.5,Western Mande,Mande,,,atayi
Bana,Bana,,,,26.265147,110.096902,,Hmong-Mien,tɕi³¹,,
bsk,Bashkir,1,1,Words derived from Sinitic cha,53,58,Turkic,Altaic,sæj,сәй,сәй (sæj)
bsq,Basque,1,1,Words derived from Sinitic cha,43,-3,Basque,Basque,te,tea,tea
bel,Belorussian,1,0,Words derived from Sinitic cha,54,28,Slavic,Indo-European,ʈ͡ʂaj,чай,чай (ʈ͡ʂaj)
ben,Bengali,1,0,Words derived from Sinitic cha,24,90,Indic,Indo-European,t͡ʃa,চা,চা (t͡ʃa)
bma,Berber (Middle Atlas),3,3,Others,33,-5,Berber,Afro-Asiatic,atay,ⵜⵢ,ⵜⵢ (atay)
kap,Bezhta,1,0,,42.0833,46.1667,,Nakh-Daghestanian,čay,чай,чай (čay)
bje,Biao Min,,,,25.82286,111.29622,,Hmong-Mien,tja³¹,,
bre,Breton,2,2,Words derived from Min Nan Chinese te,48,-3,Celtic,Indo-European,teː,te,te
bru,Bru (Eastern),2,2,Words derived from Min Nan Chinese te,17.33333333,106,Katuic,Austro-Asiatic,,,Variant of te
bul,Bulgarian,1,0,Words derived from Sinitic cha,42.5,25,Slavic,Indo-European,t͡ʃaj,чай,чай (t͡ʃaj)
brj,Burji,1,1,Words derived from Sinitic cha,5.5,37.83333333,Lowland East Cushitic,Afro-Asiatic,,,Variant of cha/chai
brm,Burmese,3,3,Others,21,96,Burmese-Lolo,Sino-Tibetan,lak◦phak◦raññ,လက်ဖက်ရည်,လက်ဖက်ရည် (lak◦phak◦raññ)
bur,Burushaski,1,0,Words derived from Sinitic cha,36.5,74.5,Burushaski,Burushaski,ˈt͡ɕai,چائے,چائے (ˈt͡ɕai)
bua,Buryat,1,0,,51.83,107.6,,Mongolic-Khitan,saj,сай,сай (saj)
cnt,Cantonese,1,1,Words derived from Sinitic cha,23,113,Chinese,Sino-Tibetan,cha,茶,茶 (cha)
ctl,Catalan,2,2,Words derived from Min Nan Chinese te,41.75,2,Romance,Indo-European,t̪ɛ,te,te
ceb,Cebuano,1,1,Words derived from Sinitic cha,10,124,Greater Central Philippine,Austronesian,,tsá,tsá
cwg,Cheq Wong,2,2,,3.8807,102.456,,Austroasiatic,tɑm_tɛh,, (tɑm_tɛh)
cme,Cham (Eastern),1,1,Words derived from Sinitic cha,11.33333333,108.5,Malayo-Sumbawan,Austronesian,,,Variant of cha/chai
cha,Chamorro,1,1,Words derived from Sinitic cha,13.45,144.75,Chamorro,Austronesian,,cha,Variant of cha/chai
zh,Changsha,,,,28.85032,112.943344,,Sino-Tibetan,tsa¹³,,
chn,Chantyal,1,1,Words derived from Sinitic cha,28.58333333,83.41666667,Bodic,Sino-Tibetan,,,Variant of cha/chai
nan,Chaozhou,,,,23.666667,116.633333,,Sino-Tibetan,te⁵⁵,,
chc,Chechen,1,0,Words derived from Sinitic cha,43.25,45.83333333,Nakh,Nakh-Daghestanian,t͡ʃəɪ̆,чай,чай (t͡ʃəɪ̆)
cmh,Chemehuevi,2,2,Words derived from Min Nan Chinese te,34.33333333,-115.1666667,Numic,Uto-Aztecan,,,Variant of te
zh,Chengdu,,,,30.605768,103.970947,,Sino-Tibetan,tsʰa³¹,,
che,Cherokee,3,3,Others,35.5,-83.5,Southern Iroquoian,Iroquoian,oo-gah-lo-geh ,ᎤᎦᎶᎨ,ᎤᎦᎶᎨ (oo-gah-lo-geh )
cyn,Cheyenne,3,3,Others,47,-95,Algonquian,Algic,,,véhpotséhohpe
cic,Chichewa,2,2,Words derived from Min Nan Chinese te,-14,34,Bantoid,Niger-Congo,,tiyi,tiyi
chp,Chipewyan,2,2,Words derived from Min Nan Chinese te,59,-106,Athapaskan,Na-Dene,,,Variant of te
nri,Chokri,,,,25.6833,94.2667,,Sino-Tibetan,cha,,
chr,Chrau,1,1,Words derived from Sinitic cha,10.75,107.5,Bahnaric,Austro-Asiatic,,,Variant of cha/chai
crh,Chru,2,2,Words derived from Min Nan Chinese te,11.5,108.5,Malayo-Sumbawan,Austronesian,,,Variant of te
cqd,Chuanqiandian,,,,27.51846,105.421028,,Hmong-Mien,tʂʰua³¹,,
cqd,"Chuanqiandian, Central Guizhou",,,,26.231562,106.861969,,Hmong-Mien,ki³¹,,
cqd,"Chuanqiandian, Northeast Yunnan",,,,27.096059,103.698607,,Hmong-Mien,ka³³tɕi⁵⁵dɦu¹¹,,
cqd,"Chuanqiandian, Southern Guizhou",,,,25.586343,106.323467,,Hmong-Mien,tɕi¹¹,,
ckt,Chukchi,1,0,,68.64,170.04,,Chukotko-Kamchatkan,t͡ɕaj,чай,чай (t͡ɕaj)
chv,Chuvash,1,0,Words derived from Sinitic cha,55.5,47.5,Turkic,Altaic,t͡ɕɛj,чей,чей (t͡ɕɛj)
ccp,Cocopa,2,2,Words derived from Min Nan Chinese te,32.33333333,-115,Yuman,Hokan,,,Variant of te
com,Comorian,1,1,Words derived from Sinitic cha,-12,44,Bantoid,Niger-Congo,,,Variant of cha/chai
cre,Cree (Plains),3,3,Others,54,-110,Algonquian,Algic,,,Other variant
hrv,Croatian,1,0,Words derived from Sinitic cha,45.2,16.83,,Indo-European,t͡ʃâj,,čaj
cua,Cua,2,2,Words derived from Min Nan Chinese te,15.25,108.5,Bahnaric,Austro-Asiatic,,,Variant of te
cze,Czech,1,0,Words derived from Sinitic cha,50,15,Slavic,Indo-European,t͡ʃaj,čaj,čaj
dga,Dagaare,2,2,Words derived from Min Nan Chinese te,10.5,-2.666666667,Gur,Niger-Congo,,,Variant of te
dah,Dahalo,1,1,Words derived from Sinitic cha,-2.333333333,40.5,Dahalo,Afro-Asiatic,,,Variant of cha/chai
dsh,Danish,2,2,Words derived from Min Nan Chinese te,56,10,Germanic,Indo-European,ˈteːˀ,te,te
dan,Dargwa,1,0,,42.43,47.44,,Nakh-Daghestanian,t͡ʃaj,чай,чай (t͡ʃaj)
dhi,Dhivehi,1,1,Words derived from Sinitic cha,4.166666667,73.5,Indic,Indo-European,sai,ސައި‎,ސައި‎ (sai)
Diaocao,Diaocao,,,,25.435,100.178,,Sino-Tibetan,lɔ²¹ʝi²⁴,,
Dimasa,Dimasa,,,,25.42,93.18,,Sino-Tibetan,sa,,
din,Dinka,1,1,Words derived from Sinitic cha,8.5,28,Nilotic,Eastern Sudanic,,,Variant of cha/chai
dio,Diola-Fogny,2,2,Words derived from Min Nan Chinese te,13,-16.25,Northern Atlantic,Niger-Congo,,,Variant of te
Dongnu,Dongnu,,,,24.201523,107.957327,,Hmong-Mien,ʔa⁰²kji²³¹,,
dua,Duala,2,2,Words derived from Min Nan Chinese te,4,9.416666667,Bantoid,Niger-Congo,,,Variant of te
dut,Dutch,2,2,Words derived from Min Nan Chinese te,52.5,6,Germanic,Indo-European,thee,thee,thee
Ega,Ega,,,,26.4858945,98.8528962,,Sino-Tibetan,tɕo21,,
eng,English,2,2,Words derived from Min Nan Chinese te,52,0,Germanic,Indo-European,tea,tea,tea
Enqi,Enqi,,,,26.4738155,99.1189832,,Sino-Tibetan,tjo21,,
Eryuan,Eryuan,,,,26.538056,99.91,,Sino-Tibetan,tʂɔ²¹,,
myv,Erzya,1,0,,53,45.5,Mordvin,Uralic,t͡ɕaj,чай ,чай  (t͡ɕaj)
est,Estonian,2,2,Words derived from Min Nan Chinese te,59,26,Finnic,Uralic,tʲeː,tee,tee
evn,Even,1,1,Words derived from Sinitic cha,68,130,Tungusic,Altaic,t͡ʃaj,,Variant of cha/chai
ewe,Ewe,2,2,Words derived from Min Nan Chinese te,6.333333333,0.4166666667,Kwa,Niger-Congo,,,Variant of te
ewo,Ewondo,2,2,Words derived from Min Nan Chinese te,4,12,Bantoid,Niger-Congo,,,Variant of te
fin,Finnish,2,2,Words derived from Min Nan Chinese te,62,25,Finnic,Uralic,tɛː,tee,tee
enf,Forest Enets,1,0,,69.98,88.21,,Uralic,t͡ʃaj,дяй,дяй (t͡ʃaj)
fre,French,2,2,Words derived from Min Nan Chinese te,48,2,Romance,Indo-European,te,thé,thé
fli,Ful (Liptako),3,3,Others,13.5,0.5,Northern Atlantic,Niger-Congo,,,Other variant
fua,Fula (Cameroonian),1,1,Words derived from Sinitic cha,9.166666667,13.5,Northern Atlantic,Niger-Congo,,,Variant of cha/chai
Fuzhou,Fuzhou,,,,26.08904,119.294243,,Sino-Tibetan,ta⁵²,,
gml,Gamilaraay,2,2,Words derived from Min Nan Chinese te,-29.83333333,149.5,Southeastern Pama-Nyungan,Pama-Nyungan,,,Variant of te
Gawwada,Gawwada,,,,5.5,37.25,,Afro-Asiatic,haaše,,
geo,Georgian,1,0,Words derived from Sinitic cha,42,44,Kartvelian,Kartvelian,t͡ʃʰɑi,ჩაი,ჩაი (t͡ʃʰɑi)
ger,German,2,2,Words derived from Min Nan Chinese te,52,10,Germanic,Indo-European,teː,Tee,Tee
grt,Gorontalo,2,2,Words derived from Min Nan Chinese te,0.5,122,Greater Central Philippine,Austronesian,,,Variant of te
grk,Greek (Modern),1,0,Words derived from Sinitic cha,39,22,Greek,Indo-European,tsai,τσάι,τσάι (tsai)
gdl,Guadeloupe Creole,2,2,Words derived from Min Nan Chinese te,16.25,-61.5,Creoles and Pidgins,other,,,Variant of te
Guangzhou,Guangzhou,,,,23.1253503,112.9476548,,Sino-Tibetan,tʃʰa²¹,,
gua,Guaraní,2,2,Words derived from Min Nan Chinese te,-26,-56,Tupi-Guaraní,Tupian,,,Variant of te
guj,Gujarati,1,1,Words derived from Sinitic cha,23,72,Indic,Indo-European,cha,ચા,ચા (cha)
Gurindji,Gurindji,3,3,,-17.6667,130.667,,Pama-Nyungan,nalija,,nalija
HaniQiepu,Hani-Qiepu,,,,23.17492035,102.323801,,Sino-Tibetan,ɯ³³lɔ⁴⁴,,
Haoni,Haoni,,,,23.44336047,101.7461037,,Sino-Tibetan,lɔ³¹khɛ⁵⁵,,
hau,Hausa,1,1,Words derived from Sinitic cha,12,7,West Chadic,Afro-Asiatic,sháayìi,shayi,shayi
haw,Hawaiian,3,3,Others,19.58333333,-155.5,Oceanic,Austronesian,kī,kī,kī
heb,Hebrew (Modern),2,2,Words derived from Min Nan Chinese te,31.5,34.83333333,Semitic,Afro-Asiatic,tɛ,תה,תה (tɛ)
Hefei,Hefei,,,,31.873593,117.223663,,Sino-Tibetan,tʂʰa⁵⁵,,
Heqing,Heqing,,,,26.0991374,99.9416161,,Sino-Tibetan,tsɔu²¹,,
hil,Hiligaynon,1,1,Words derived from Sinitic cha,10.25,123,Greater Central Philippine,Austronesian,,,Variant of cha/chai
mrj,Hill Mari,1,0,,56.33,46.33,,Uralic,t͡ʃæj,чай,чай (t͡ʃæj)
hin,Hindi,1,0,Words derived from Sinitic cha,25,77,Indic,Indo-European,t͡ʃaːj,चाय,चाय (t͡ʃaːj)
ain,Hokkaido Ainu,,,,43.63,142.46,,Ainu,t͡sa,,
hre,Hre,2,2,Words derived from Min Nan Chinese te,14.66666667,108.6666667,Bahnaric,Austro-Asiatic,,,Variant of te
hun,Hungarian,2,2,Words derived from Min Nan Chinese te,47,20,Ugric,Uralic,tɛɒ,tea,tea
ice,Icelandic,2,2,Words derived from Min Nan Chinese te,65,-17,Germanic,Indo-European,tʰɛ,te,te
smn,Inari Sami,2,2,,69.42,27.87,,Uralic,t͡ʃeː,,Variant of te
ind,Indonesian,2,2,Words derived from Min Nan Chinese te,0,106,Malayo-Sumbawan,Austronesian,,teh,teh
ing,Ingush,1,0,Words derived from Sinitic cha,43.16666667,45.08333333,Nakh,Nakh-Daghestanian,chay,чай,чай (chay)
Iraqw,Iraqw,,,,-4,35.5,,Afro-Asiatic,chay,,
iri,Irish,2,2,Words derived from Min Nan Chinese te,53,-8,Celtic,Indo-European,t̪ˠeː,tae,tae
ita,Italian,2,2,Words derived from Min Nan Chinese te,43,12,Romance,Indo-European,tɛ,tè,tè
itl,Itelmen,1,0,,56.78,156.91,,Chukotko-Kamchatkan,t͡ʃaj,, (t͡ʃaj)
inu,Iñupiaq,3,3,Others,67,-161,Eskimo,Eskimo-Aleut,saiyu,,saiyu
jpn,Japanese,1,1,Words derived from Sinitic cha,37,140,Japanese,Japanese,cha,茶/おちゃ,茶/おちゃ (cha)
jav,Javanese,2,2,Words derived from Min Nan Chinese te,-7,111,Javanese,Austronesian,,tèh,tèh
Jianchuan,Jianchuan,,,,26.5536208,100.1396921,,Sino-Tibetan,tsou²¹,,
Jinan,Jinan,,,,36.690777,116.997299,,Sino-Tibetan,tʂʰa⁴²,,
Jingpho,Jingpho,,,,25.461826,97.329866,,Sino-Tibetan,hpa◦lap,,
Jiongnai,Jiongnai,,,,24.071002,110.105752,,Hmong-Mien,tʃi³¹,,
jmo,Jur Mödö,1,1,Words derived from Sinitic cha,6,30,Bongo-Bagirmi,Central Sudanic,,,Variant of cha/chai
juh,Ju|'hoan,2,2,Words derived from Min Nan Chinese te,-19,21,Ju-Kung,Kxa,,,Variant of te
kab,Kabardian,1,0,Words derived from Sinitic cha,43.5,43.5,Northwest Caucasian,Northwest Caucasian,shay,шай,шай (shay)
kbl,Kabyle,3,3,Others,36.5,5,Berber,Afro-Asiatic,atay,,atay
kal,Kalaallisut,2,2,,69.38,-52.86,,Eskimo-Aleut,t͡siː,tii,tii
Kalina,Kali'na,,,,5.5,-56,,Cariban,asinpan,,
kmk,Kalmyk,1,0,Words derived from Sinitic cha,44,83,Mongolic,Altaic,t͡sʰæ,цә,цә (t͡sʰæ)
kan,Kannada,1,0,,13.59,76.12,,Dravidian,t͡ʃəha,ಚಹಾ,ಚಹಾ (t͡ʃəha)
knr,Kanuri,2,2,Words derived from Min Nan Chinese te,12,13,Western Saharan,Saharan,tî,,tî
krm,Karaim,1,1,Words derived from Sinitic cha,54.66666667,24.91666667,Turkic,Altaic,,,Variant of cha/chai
kkp,Karakalpak,1,0,Words derived from Sinitic cha,43,60,Turkic,Altaic,,chay,chay
ksg,Karen (Sgaw),3,3,Others,18,97,Karen,Sino-Tibetan,la pa tee,လါဖးထံ,လါဖးထံ (la pa tee)
krk,Karok,3,3,Others,41.66666667,-123,Karok,Karok,,,Other Variant
kaz,Kazakh,1,0,Words derived from Sinitic cha,50,70,Turkic,Altaic,ʃɑj,шай,шай (ʃɑj)
Kazhuo,Kazhuo,,,,24.1478565,102.6653471,,Sino-Tibetan,sa³⁵ji³²³tɕha³¹,,
keu,Kenyah (Uma' Lung),2,2,Words derived from Min Nan Chinese te,3,115.8333333,North Borneo,Austronesian,,,Variant of te
ket,Ket,3,3,Others,64,87,Yeniseian,Yeniseian,saˀj,, (saˀj)
khk,Khakas,1,0,Words derived from Sinitic cha,53,90,Turkic,Altaic,chay,чай,чай (chay)
kha,Khalkha,1,1,Words derived from Sinitic cha,47,105,Mongolic,Altaic,,,Variant of cha/chai
khk,Khalkha Mongolian,1,0,,48.32,106.29,,Mongolic-Khitan,t͡sʰaːi̯,цай,цай (t͡sʰaːi̯)
khs,Khasi,1,1,Words derived from Sinitic cha,25.5,92,Khasian,Austro-Asiatic,sha,sha,sha (sha)
khm,Khmer,2,2,Words derived from Min Nan Chinese te,12.5,105,Khmer,Austro-Asiatic,tae,តែ,តែ (tae)
kik,Kikuyu,1,1,Words derived from Sinitic cha,-0.75,36.75,Bantoid,Niger-Congo,,,Variant of cha/chai
KildinSaami,Kildin Saami,1,0,,67,37,,Uralic,čajj,чай,чай (čajj)
KimMun,Kim Mun,,,,18.955781,109.86012,,Hmong-Mien,tʃa³³,,
kin,Kinyarwanda,1,1,Words derived from Sinitic cha,-2,30,Bantoid,Niger-Congo,,icyayi,icyayi
kgz,Kirghiz,1,1,Words derived from Sinitic cha,42,75,Turkic,Altaic,,,Variant of cha/chai
koi,Koiari,2,2,Words derived from Min Nan Chinese te,-9.5,147.3333333,Koiarian,Trans-New Guinea,,,Variant of te
koi,Komi-Permyak,1,0,,59.66,54.8,,Uralic,t͡ɕaj,чай ,чай  (t͡ɕaj)
kpv,Komi-Zyrian,1,0,,64.05,54.95,,Uralic,t͡ɕɑj,шай,шай (t͡ɕɑj)
kkn,Konkani,1,1,Words derived from Sinitic cha,15.25,74,Indic,Indo-European,cha,चा,चा (cha)
Konyak,Konyak,,,,26.55,95.05,,Sino-Tibetan,khelep,,
KopoGepo,Kopo (Gepo),,,,25.51563431,102.4630191,,Sino-Tibetan,lo̱²¹,,
kor,Korean,1,1,Words derived from Sinitic cha,37.5,128,Korean,Korean,ca,차(茶),차(茶) (ca)
kry,Koryak,1,0,Words derived from Sinitic cha,61,167,Northern Chukotko-Kamchatkan,Chukotko-Kamchatkan,t͡ʃaj,Чай,Чай (t͡ʃaj)
kos,Kosraean,2,2,Words derived from Min Nan Chinese te,5.3,163,Oceanic,Austronesian,,,Variant of te
kse,Koyraboro Senni,3,3,Others,16,0,Songhay,Songhay,,,Other Variant
kro,Krongo,1,1,Words derived from Sinitic cha,10.5,30,Kadugli,Kadu,,,Variant of cha/chai
HedongKuaNsi,Kua-nsi (Hedong),,,,25.2871677,99.2546745,,Sino-Tibetan,tsu²¹,,
Kuansi,Kuansi,,,,26.33305556,100.25,,Sino-Tibetan,tsu²¹,,
kuq,Kumyk,1,0,Words derived from Sinitic cha,43,47.33333333,Turkic,Altaic,chay,чай,чай (chay)
kjn,Kunjen,3,3,Others,-16.5,142.5,Northern Pama-Nyungan,Pama-Nyungan,,,Other Variant
Kunming,Kunming,,,,25.049711,102.72274,,Sino-Tibetan,tʂʰa³¹,,
kji,Kurmanji,1,1,Words derived from Sinitic cha,38,42,Iranian,Indo-European,,,Variant of cha/chai
lad,Ladakhi,3,3,Others,34,78,Bodic,Sino-Tibetan,,,Other Variant
lbe,Lak,1,0,,42.13,47.08,,Nakh-Daghestanian,t͡ʃjaj,чяй,чяй (t͡ʃjaj)
lmp,Lampung,2,2,Words derived from Min Nan Chinese te,-5,105,Lampungic,Austronesian,,,Variant of te
Lanping,Lanping,,,,26.5158555,99.2581092,,Sino-Tibetan,tsao²¹,,
lao,Lao,3,3,Others,18,103,Kam-Tai,Tai-Kadai,sā,ຊາ,ຊາ (sā)
LaowuNisu,Laowu Nisu,,,,25.74329166,99.57814539,,Sino-Tibetan,lu¹³,,
lat,Latin,2,2,,41.9,12.45,,Indo-European,thɛa,thea,thea
lat,Latvian,2,2,Words derived from Min Nan Chinese te,57,24,Baltic,Indo-European,teːjɑ,tēja,tēja
lcr,Lesser Antillean French Creole,1,1,Words derived from Sinitic cha,15,-61.16666667,Creoles and Pidgins,other,,,Variant of cha/chai
lez,Lezgian,1,0,,41.52,47.9,,Nakh-Daghestanian,t͡ʃaj,Чай,Чай (t͡ʃaj)
Liangmai,Liangmai,,,,25.3667,93.6333,,Sino-Tibetan,tacha,,
Limi,Limi,,,,24.2046473,99.70780531,,Sino-Tibetan,la²¹pʰo²¹,,
lin,Lingala,2,2,Words derived from Min Nan Chinese te,2,18.5,Bantoid,Niger-Congo,,,Variant of te
lis,Lisu,3,3,Others,26,98,Burmese-Lolo,Sino-Tibetan,la,,la
lit,Lithuanian,3,3,Others,55,24,Baltic,Indo-European,ɐrbɐtɑ̂,arbata,arbata
liv,Livonian,2,2,,57.57,22.03,,Uralic,tɛːj,tech,tech
lon,Loniu,3,3,Others,-2.066666667,147.3333333,Oceanic,Austronesian,,,Other Variant
Lotha,Lotha,,,,26.1,94.2667,,Sino-Tibetan,lo◦mo◦soko,,
LowerSorbian,Lower Sorbian,1,0,,51.75,14.3333,,Indo-European,tej,,Variant of cha/chai
lda,Luganda,1,1,Words derived from Sinitic cha,0.5,32.16666667,Bantoid,Niger-Congo,,caayi,caayi
smj,Lule Sami,2,2,,67.28,17.81,,Uralic,tɛd͡ʒɑ,, (tɛd͡ʒɑ)
luo,Luo,1,1,Words derived from Sinitic cha,-0.5,34.75,Nilotic,Eastern Sudanic,,,Variant of cha/chai
Luobenzhuo,Luobenzhuo,,,,26.4240223,98.8862088,,Sino-Tibetan,ca²¹,,
EasternLuobuohe,"Luobuohe, Eastern",,,,26.63966,107.913354,,Hmong-Mien,ʔa⁰²ʑi⁵⁵,,
LuowuNisu,Luowu Nisu,,,,24.55990379,101.7955965,,Sino-Tibetan,lo⁵⁵,,
Lushai,Lushai,,,,22.60535,92.629457,,Sino-Tibetan,thingpui,,
lux,Luxemburgeois,2,2,Words derived from Min Nan Chinese te,49.83333333,6.166666667,Germanic,Indo-European,,téi,téi
mdr,Madurese,2,2,Words derived from Min Nan Chinese te,-7,113.5,Malayo-Sumbawan,Austronesian,,,Variant of te
mks,Makassar,2,2,Words derived from Min Nan Chinese te,-5.416666667,119.5833333,South Sulawesi,Austronesian,,,Variant of te
mal,Malagasy,2,2,Words derived from Min Nan Chinese te,-20,47,Barito,Austronesian,dite,dite,dite
mym,Malayalam,1,0,Words derived from Sinitic cha,10,76.5,Southern Dravidian,Dravidian,t͡ʃaːja,ചായ,ചായ (t͡ʃaːja)
mlt,Maltese,2,2,Words derived from Min Nan Chinese te,35.91666667,14.41666667,Semitic,Afro-Asiatic,te,te,te
Manange,Manange,,,,28,84.25,,Sino-Tibetan,3tʃe,,
mnc,Manchu,1,0,,47.31,126.56,,Tungusic,t͡ʃai,ᠴᠠᡥᠠ,ᠴᠠᡥᠠ (t͡ʃai)
mnd,Mandarin,1,1,Words derived from Sinitic cha,34,110,Chinese,Sino-Tibetan,cha2,茶,茶 (cha2)
Mangdi,Mangdi,,,,23.5,99.33,,Sino-Tibetan,la²¹pʰo²¹,,
Manipuri,Manipuri,1,1,,24.44,93.34,,Sino-Tibetan,cha,, (cha)
mao,Maori,2,2,Words derived from Min Nan Chinese te,-40,176,Oceanic,Austronesian,,tī,tī
Mapudungun,Mapudungun,2,2,,-38,-72,,Araucanian,te,,te
mku,Maranungku,3,3,Others,-13.66666667,130,Wagaydy,Western Daly,,,Other Variant
mhi,Marathi,1,1,Words derived from Sinitic cha,19,76,Indic,Indo-European,chaha,चहा,चहा (chaha)
mme,Mari (Meadow),1,0,Words derived from Sinitic cha,57,48,Mari,Uralic,t͡ʃɑj,чай ,чай  (t͡ʃɑj)
msh,Marshallese,2,2,Words derived from Min Nan Chinese te,7.116666667,171.05,Oceanic,Austronesian,,,Variant of te
mby,Mbay,1,0,Words derived from Sinitic cha,8.25,17.5,Bongo-Bagirmi,Central Sudanic,,,Variant of cha/chai
Meixian,Meixian,,,,24.3522958,115.8903375,,Sino-Tibetan,tsʰa¹²,,
mnt,Mentawai,2,2,Words derived from Min Nan Chinese te,-1.5,99,Northwest Sumatra-Barrier Islands,Austronesian,,,Variant of te
Mien,Mien,,,,24.172823,110.054488,,Hmong-Mien,tsa³¹,,
Mikir,Mikir,,,,25.735084,93.050494,,Sino-Tibetan,sa,,
min,Minangkabau,2,2,Words derived from Min Nan Chinese te,-1,101,Malayo-Sumbawan,Austronesian,,,Variant of te
mss,Miwok (Southern Sierra),2,2,Words derived from Min Nan Chinese te,37.5,-120,Miwok,Penutian,,,Variant of te
mdf,Moksha,1,0,,54.19,42.67,,Uralic,t͡ɕaj,чай,чай (t͡ɕaj)
mol,Moldavian,1,1,Words derived from Sinitic cha,47,29,Romance,Indo-European,,,Variant of cha/chai
Mongi,Mongi,,,,23.39918383,105.2343413,,Sino-Tibetan,lɔ⁵³,,
nai,Nanai,1,0,Words derived from Sinitic cha,49.5,137,Tungusic,Altaic,t͡ʃa͡i,,Variant of cha/chai
Nanchang,Nanchang,,,,28.706609,115.857468,,Sino-Tibetan,tsʰa²⁴,,
Narsu,Narsu (NW Nisu),,,,24.25746171,102.0476517,,Sino-Tibetan,lo̱²¹,,
Naso,Naso,,,,26.89835528,102.9271427,,Sino-Tibetan,lo̱⁵⁵,,
nep,Nepali,1,1,Words derived from Sinitic cha,28,85,Indic,Indo-European,chiya,चिया,चिया (chiya)
Nersu,Nersu,,,,27.141233,104.020331,,Sino-Tibetan,lu¹³,,
new,Newari (Kathmandu),1,1,Words derived from Sinitic cha,27.66666667,85.5,Mahakiranti,Sino-Tibetan,chiya,चिया,चिया (chiya)
nio,Nganasan,,,,73.14,86.21,,Uralic,c͡çɐi,,
Nipu,Nipu,,,,27.00771251,106.033544,,Sino-Tibetan,lu¹³,,
niv,Nivkh,1,1,,52.59,140.68,,Nivkh,cʰæɪ,, (cʰæɪ)
nog,Noghay,1,1,Words derived from Sinitic cha,44,46,Turkic,Altaic,,,Variant of cha/chai
krl,North Karelian,,,,65.17,30.87,,Uralic,t͡ʃæijy,,
kca,Northern Khanty,,,,62.43,66.12,,Uralic,ʃaj,,
kmr,Northern Kurdish,1,0,,37,43,,Indo-European,t͡ʃaj,çay,çay
mns,Northern Mansi,,,,64.41,61.34,,Uralic,sʲaːj,,
sme,Northern Sami,,,,68.72,22.11,,Uralic,te̯æcːʊ,,
sel,Northern Selkup,,,,59.94,82.3,,Uralic,t͡ɕoj,,
ykg,Northern Yukaghir,,,,69,155,,Yukaghir,t͡ʃaj,,
nor,Norwegian,2,2,Words derived from Min Nan Chinese te,61,8,Germanic,Indo-European,teː,te,te
Nruanghmei,Nruanghmei,,,,25,93.05,,Sino-Tibetan,ca,,
nbd,Nubian (Dongolese),1,1,Words derived from Sinitic cha,18.25,30.75,Nubian,Eastern Sudanic,shay,, (shay)
Numao,Numao,,,,25.447767,108.064732,,Hmong-Mien,tsʰa³¹,,
nun,Nung (in Vietnam),1,1,Words derived from Sinitic cha,21.91666667,106.4166667,Kam-Tai,Tai-Kadai,,chè,chè
Nunu,Nunu,,,,24.232341,107.194266,,Hmong-Mien,sa⁴²,,
NyagrongMinyag,Nyagrong Minyag (Ganzi Xinlong),,,,30.932449,100.326871,,Sino-Tibetan,ˊtɕõ,,
nyl,Nyelâyu,2,2,Words derived from Min Nan Chinese te,-20.33333333,164.3333333,Oceanic,Austronesian,,te,te
occ,Occitan,2,2,Words derived from Min Nan Chinese te,44,2,Romance,Indo-European,,tè,te
ojm,Ojibwe (Minnesota),3,3,Others,47.66666667,-92.5,Algonquian,Algic,,aniibiishaaboo,aniibiishaaboo
olo,Olonets Karelian,,,,61,33,,Uralic,t͡ʃʊɑjʊ,,
oya,Oriya,1,1,Words derived from Sinitic cha,21,85,Indic,Indo-European,cha,ଚା,ଚା (cha)
orh,Oromo (Harar),1,1,Words derived from Sinitic cha,9,42,Lowland East Cushitic,Afro-Asiatic,,,Variant of cha/chai
owc,Oromo (West-Central),1,1,Words derived from Sinitic cha,9,37,Lowland East Cushitic,Afro-Asiatic,,,Variant of cha/chai
Oroqen,Oroqen,1,0,,51.2829,126.111,,Tungusic,tʃay,, (tʃay)
oss,Ossetian,1,0,,43.18,44.23,,Indo-European,t͡saj,цай,цай (t͡saj)
pak,Pakanha,3,3,Others,-14.5,142.4166667,Northern Pama-Nyungan,Pama-Nyungan,,,Other Variant
Pandong,Pandong,,,,26.06349,107.693696,,Tai-Kadai,ȶia²,,
pan,Panjabi,1,1,Words derived from Sinitic cha,31,74,Indic,Indo-European,chah,ਚਾਹ,ਚਾਹ (chah)
psh,Pashto,1,0,Words derived from Sinitic cha,33,67,Iranian,Indo-European,t͡ʃɑj,چاي‎,چاي‎ (t͡ʃɑj)
psm,Passamaquoddy-Maliseet,3,3,Others,45,-67,Algonquian,Algic,,potewey,potewey
prs,Persian,1,0,Words derived from Sinitic cha,32,54,Iranian,Indo-European,chāy,چای‎,چای‎ (chāy)
poh,Pohnpeian,2,2,Words derived from Min Nan Chinese te,6.883333333,158.25,Oceanic,Austronesian,,,Variant of te
pol,Polish,3,3,Others,52,20,Slavic,Indo-European,xɛɾbata,herbata,herbata
por,Portuguese,1,1,Words derived from Sinitic cha,39,-8,Romance,Indo-European,ʃa,chá,chá
pro,Provençal,2,2,Words derived from Min Nan Chinese te,44,6,Romance,Indo-European,,,té
Qeqchi,Q'eqchi',2,2,,16,-89.8333,,Mayan,te,,te
qaf,Qafar,1,1,Words derived from Sinitic cha,12,42,Lowland East Cushitic,Afro-Asiatic,,,Variant of cha/chai
EasternQiandong,"Qiandong, East",,,,27.78098,110.499463,,Hmong-Mien,tɕin²¹²,,
NorthernQiandong,"Qiandong, North",,,,26.68993,108.401145,,Hmong-Mien,tɕin¹¹,,
SouthernQiandong,"Qiandong, South",,,,25.520166,108.779365,,Hmong-Mien,ʔu¹³tɕi²⁴¹,,
Qiliqiao,Qiliqiao,,,,25.6553283,100.1709288,,Sino-Tibetan,tsɔ²¹,,
Qingyun,Qingyun,,,,24.8709,100.711,,Sino-Tibetan,la̤²¹ɣɨ⁵⁵,,
qay,Quechua (Ayacucho),2,2,Words derived from Min Nan Chinese te,-14,-74,Quechuan,Quechuan,t e,,te
ren,Rendille,3,3,Others,2,37.5,Lowland East Cushitic,Afro-Asiatic,,,Other Variant
rbg,Romani (Burgenland),2,2,Words derived from Min Nan Chinese te,47.5,16.5,Indic,Indo-European,,,Variant of te
rka,Romani (Kalderash),3,3,Others,45,21,Indic,Indo-European,,,Other Variant
rlo,Romani (Lovari),2,2,Words derived from Min Nan Chinese te,47,21.5,Indic,Indo-European,,,Variant of te
rse,Romani (Sepecides),1,1,Words derived from Sinitic cha,38.25,27,Indic,Indo-European,,,Variant of cha/chai
Romanian,Romanian,1,0,,46,25,,Indo-European,ceai,ceai,ceai
rmc,Romansch,2,2,Words derived from Min Nan Chinese te,46.66666667,9.166666667,Romance,Indo-European,,te,te
rus,Russian,1,0,Words derived from Sinitic cha,56,38,Slavic,Indo-European,t͡ʃəj,чай,чай (t͡ʃəj)
sno,Saami (Northern),2,2,Words derived from Min Nan Chinese te,69,24,Saami,Uralic,chai,,Variant of te
Sakha,Sakha,1,0,,62,130,,Turkic,čey,цаай,цаай (čey)
ShuigenCentralSandong,Sandong,,,,25.724479,107.92172,,Tai-Kadai,ȶa²,,
san,Sango,1,1,Words derived from Sinitic cha,5,18,Ubangi,Niger-Congo,,,Variant of cha/chai
Sangtam,Sangtam,,,,25.0667,94.8667,,Sino-Tibetan,sing◦va,,
Sani,Sani,,,,24.77179693,103.290785,,Sino-Tibetan,lɑ²,,
SanniSanie,Sanni (Sanie),,,,25.04887917,102.6362707,,Sino-Tibetan,lo̱⁵⁵,,
Saramaccan,Saramaccan,2,2,,4.5,-55.5,,Indo-European,té,tii,tii
scr,Serbian-Croatian,1,0,Words derived from Sinitic cha,44,19,Slavic,Indo-European,chai,čaj,čaj
ses,Sesotho,2,2,Words derived from Min Nan Chinese te,-28,27,Bantoid,Niger-Congo,,tee,tee
SeychellesCreole,Seychelles Creole,,,,-4.75,55.5,,Indo-European,bwar,,
She,She,,,,26.264261,110.096988,,Hmong-Mien,kʰi⁵³,,
Shenyang,Shenyang,,,,41.8049906,123.1563167,,Sino-Tibetan,tsʰa³⁵,,
ssh,Shinassha,1,1,Words derived from Sinitic cha,10.41666667,36.16666667,North Omotic,Afro-Asiatic,,,Variant of cha/chai
Shuizhuping,Shuizhuping,,,,24.73,98.9,,Sino-Tibetan,la²¹pʰɛ⁵³,,
sdh,Sindhi,1,1,Words derived from Sinitic cha,26,69,Indic,Indo-European,chah,چانھ‎,چانھ‎ (chah)
snh,Sinhala,2,2,Words derived from Min Nan Chinese te,7,80.5,Indic,Indo-European,te,තේ,තේ (te)
sms,Skolt Sami,,,,68.83,29.72,,Uralic,t͡ʃeːɐ,,
svk,Slovak,1,0,Words derived from Sinitic cha,49,20,Slavic,Indo-European,t͡ʃaj,čaj,čaj
slo,Slovene,1,0,Words derived from Sinitic cha,46,15,Slavic,Indo-European,t͡ʃa˨ːj,čaj,čaj
Sodi,Sodi,,,,26.65502606,102.2446829,,Sino-Tibetan,la̱⁵⁵,,
som,Somali,1,1,Words derived from Sinitic cha,3,45,Lowland East Cushitic,Afro-Asiatic,shaah,shaah,shaah
snn,Soninke,3,3,Others,15,-10.5,Western Mande,Mande,,,Other Variant
sma,Southern Sami,,,,64.25,12.6,,Uralic,løːβjɛ,,
spa,Spanish,2,2,Words derived from Min Nan Chinese te,40,-4,Romance,Indo-European,te,té,té
sra,Sranan,2,2,Words derived from Min Nan Chinese te,5.833333333,-55.33333333,Creoles and Pidgins,other,,,Variant of te
sun,Sundanese,2,2,Words derived from Min Nan Chinese te,-7,107,Malayo-Sumbawan,Austronesian,teh,ᮈᮔ᮪ᮒᮦᮂ,ᮈᮔ᮪ᮒᮦᮂ (teh)
Suzhou,Suzhou,,,,31.3280439,120.364116,,Sino-Tibetan,zo²⁴,,
swa,Swahili,1,0,Words derived from Sinitic cha,-6.5,39,Bantoid,Niger-Congo,chai,chai,chai
swe,Swedish,2,2,Words derived from Min Nan Chinese te,60,15,Germanic,Indo-European,teː,te,te
tag,Tagalog,1,1,Words derived from Sinitic cha,15,121,Greater Central Philippine,Austronesian,,tsaa,tsaa
tah,Tahitian,2,2,Words derived from Min Nan Chinese te,-17.66666667,-149.5833333,Oceanic,Austronesian,,,tî
taq,Taiwanese,2,2,Words derived from Min Nan Chinese te,25,121.5,Chinese,Sino-Tibetan,tê,茶,茶 (tê)
taj,Tajik,1,0,Words derived from Sinitic cha,38.66666667,70,Iranian,Indo-European,čoy,чой,чой (čoy)
Takia,Takia,2,2,,-4.66667,146,,Austronesian,ti,,ti
Talu,Taliu,,,,26.55219217,100.8467043,,Sino-Tibetan,lu̱²¹,,
tam,Tamil,2,2,,10.52,78.83,,Dravidian,t̪eniːɾ,தேநீர்,தேநீர் (t̪eniːɾ)
Tangkhul,Tangkhul,,,,25.1167,94.3667,,Sino-Tibetan,cha,,
TangnianYangAn,Tangnian,,,,25.58369,107.801479,,Tai-Kadai,se²,,
tvo,Tatar,1,0,Words derived from Sinitic cha,56,49.5,Turkic,Altaic,t͡ɕæj,чәй,чәй (t͡ɕæj)
tel,Telugu,2,2,Words derived from Min Nan Chinese te,16,79,South-Central Dravidian,Dravidian,t̪eːn̪iːru,తేనీరు,తేనీరు (t̪eːn̪iːru)
tha,Thai,1,1,Words derived from Sinitic cha,16,101,Kam-Tai,Tai-Kadai,chaa,ชา,ชา (chaa)
tib,Tibetan,1,1,Words derived from Sinitic cha,30,91,Bodic,Sino-Tibetan,ja,ཇ་,ཇ་ (ja)
tiw,Tiwi,3,3,Others,-11.5,131,Tiwian,Tiwian,mangala,maŋal̥a,maŋal̥a
Toloza,Toloza,,,,26.62042438,100.0342986,,Sino-Tibetan,dʐɤ²¹,,
ddo,Tsez,1,0,,42.26,45.81,,Nakh-Daghestanian,t͡ʃaj,, (t͡ʃaj)
tsw,Tswana,2,2,Words derived from Min Nan Chinese te,-24,26,Bantoid,Niger-Congo,,tee,tee
yrk,Tundra Nenets,,,,66.18,71.02,,Uralic,sʲɑj,,
tun,Tunica,3,3,Others,32.66666667,-91,Tunica,Tunica,,,Other Variant
Tuoluo,Tuoluo,,,,23.3833337,102.1839821,,Sino-Tibetan,djɔ35,,
tur,Turkish,1,0,Words derived from Sinitic cha,39,35,Turkic,Altaic,t͡ʃaj,çay,çay
tkm,Turkmen,1,0,Words derived from Sinitic cha,40,58,Turkic,Altaic,,çaý,çaý
tuv,Tuvan,1,0,Words derived from Sinitic cha,52,95,Turkic,Altaic,,шай,шай ()
udm,Udmurt,1,0,Words derived from Sinitic cha,57.5,52.5,Permic,Uralic,t͡ɕɑj,чай,чай (t͡ɕɑj)
ukr,Ukrainian,1,0,Words derived from Sinitic cha,49,33,Slavic,Indo-European,ʈ͡ʂɑj,чай,чай (ʈ͡ʂɑj)
uyg,Uyghur,1,0,Words derived from Sinitic cha,40,80,Turkic,Altaic,chay,چاي,چاي (chay)
uzb,Uzbek,1,0,Words derived from Sinitic cha,39,66,Turkic,Altaic,t͡ʃɒj,choy,choy
vep,Veps,1,0,,60.34,34.79,,Uralic,t͡ʃɑi,čaj,čaj
vie,Vietnamese,1,1,Words derived from Sinitic cha,10.5,106.5,Viet-Muong,Austro-Asiatic,chè,trà,trà
wam,Wambaya,3,3,Others,-18.66666667,135.75,Wambayan,Mirndi,,nyanyalu,nyanyalu
wel,Welsh,2,2,Words derived from Min Nan Chinese te,52,-3,Celtic,Indo-European,tɛ,te,te
Wenzhou,Wenzhou,,,,28.005496,120.701179,,Sino-Tibetan,dzo³¹,,
WhiteHmong,White Hmong,,,,26,105,,Hmong-Mien,tshuaj_yej,,
Wichi,Wichí,,,,-22.5,-62.5833,,Matacoan,kusilu,,
wlo,Wolio,2,2,Words derived from Min Nan Chinese te,-5.5,122.75,Celebic,Austronesian,,,Variant of te
wlf,Wolof,3,3,Others,15.25,-16,Northern Atlantic,Niger-Congo,,àttaaya,àttaaya
xho,Xhosa,2,2,Words derived from Min Nan Chinese te,-32,27,Bantoid,Niger-Congo,,iti,iti
XiAn,Xi_an,,,,34.228154,108.960571,,Sino-Tibetan,tsʰɑ²⁴,,
Xiamen,Xiamen,,,,24.49421,118.08918,,Sino-Tibetan,te²⁴,,
EasternXiangxi,"Xiangxi, East",,,,28.124036,109.890473,,Hmong-Mien,dʑi⁵⁵,,
WesternXiangxi,"Xiangxi, West",,,,28.33212,109.422366,,Hmong-Mien,ci²²,,
Xiangyun,Xiangyun,,,,25.5313657,100.4478932,,Sino-Tibetan,tso²¹,,
Xuzhang,Xuzhang,,,,25.344026,99.112244,,Sino-Tibetan,sɿ³³pʰɛi³³,,
ykt,Yakut,1,0,Words derived from Sinitic cha,62,130,Turkic,Altaic,chai,чэй,чэй (chai)
Yangjiang,Yangjiang,,,,21.7895612,111.966667,,Sino-Tibetan,tʃʰa⁴⁴³,,
Yangliu,Yangliu,,,,25.22482,99.046326,,Sino-Tibetan,la²¹ɣɨ³³,,
Yangzhou,Yangzhou,,,,32.4171449,119.209227,,Sino-Tibetan,tʂʰɑ³⁴,,
Yaqui,Yaqui,2,2,,27.5,-110.25,,Uto-Aztecan,te,,te
yms,Yemsa,1,1,Words derived from Sinitic cha,7.833333333,37.33333333,North Omotic,Afro-Asiatic,,,Variant of cha/chai
Yijiacun,Yijiacun,,,,23.475,99.865,,Sino-Tibetan,la²¹,,
Yino,Yino,,,,28.32864,103.1321792,,Sino-Tibetan,la̱²⁵,,
yor,Yoruba,2,2,Words derived from Min Nan Chinese te,8,4.333333333,Defoid,Niger-Congo,,tii,tii
Younuo,Younuo,,,,25.730893,110.115975,,Hmong-Mien,ki³²,,
Yunlong,Yunlong,,,,25.9223745,99.0352884,,Sino-Tibetan,tsao²¹,,
ypk,Yup'ik (Central),1,1,Words derived from Sinitic cha,59.5,-160,Eskimo,Eskimo-Aleut,qajuq,,qajuq
ZaoMin,Zao Min,,,,24.612303,112.266749,,Hmong-Mien,ta⁵³,,
zar,Zarma,3,3,Others,13.83333333,2.166666667,Songhay,Songhay,,,Other Variant
Zeme,Zeme,,,,25.1833,93.2,,Sino-Tibetan,sa,,
Zhoucheng,Zhoucheng,,,,25.8958633,100.0987848,,Sino-Tibetan,tsɔ²¹,,
zqc,Zoque (Copainalá),3,3,Others,17,-93.25,Mixe-Zoque,Mixe-Zoque,,,Other Variant
zul,Zulu,3,3,Others,-30,30,Bantoid,Niger-Congo,,itiye,itiye
GanziDanbarGyalrong,rGyalrong (Ganzi Danba Badi Munashan),,,,31.060903,101.855001,,Sino-Tibetan,ˊtə_tɕə,,
JinchuanErkairGyalrong,rGyalrong (Jinchuan Erkai),,,,31.464691,101.341027,,Sino-Tibetan,dʑɑʔ,,
JinchuanGuaninqiaorGyalrong,rGyalrong (Jinchuan Guaninqiao Wobzi),,,,31.639053,101.445432,,Sino-Tibetan,dʑɑ́,,
LixianXuechengrGyalrong,rGyalrong (Lixian Xuecheng Jiamizhai),,,,31.617273,103.276061,,Sino-Tibetan,tʂʰᴇ,,
MaerkangCaodengrGyalrong,rGyalrong (Maerkang Caodeng (B)),,,,32.209102,101.832718,,Sino-Tibetan,ʤe22,,
MaerkangJaphugrGyalrong,rGyalrong (Maerkang Japhug Shaerzong (B)),,,,32.159653,102.159643,,Sino-Tibetan,tʂha,,
MaerkangSomanrGyalrong,rGyalrong (Maerkang Soman),,,,31.864114,102.484959,,Sino-Tibetan,tʂʰa,,